[
  {
    "id": "1756809571206",
    "nome": "Capinha",
    "preco": 35,
    "descricao": "Capa Para Celular Apple Silicone Case Blister Marsala",
    "categoria": "Geral",
    "imagem": "https://cdn.sistemawbuy.com.br/arquivos/e9c6b4bd329005c2c8b4eb04b8ea9ac4/produtos/6780648e4cfb4/case-marsala-ou-vinho-iphone-16-67806490c991a.jpeg",
    "createdAt": "2025-09-02T10:39:31.206Z",
    "updatedAt": "2025-09-02T20:25:46.271Z"
  },
  {
    "id": "1756823992744",
    "nome": "Computador Gamer Completo",
    "preco": 1554.9,
    "descricao": "Computador Gamer Completo RGB Intel Core i5 8GB SSD 512GB Kit Gamer com Headset Monitor 20\" Windows 10 3green Premium",
    "categoria": "Eletrônicos",
    "imagem": "https://m.media-amazon.com/images/I/71yKcQlBe3L._UF894,1000_QL80_.jpg",
    "createdAt": "2025-09-02T14:39:52.744Z",
    "updatedAt": "2025-09-02T20:24:05.107Z"
  },
  {
    "id": "1756844840244",
    "nome": "Caixa de Som JBL",
    "preco": 289.99,
    "descricao": "Caixa De Som Boombox 3 Speark Bluetooth Portatil 35cm",
    "categoria": "Eletrônicos",
    "imagem": "https://d296pbmv9m7g8v.cloudfront.net/Custom/Content/Products/10/72/1072456_caixa-de-som-portatil-jbl-boombox-3-sblkbr-bluetooth-a-prova-dagua-10010710_z10_638600298435696166.webp",
    "createdAt": "2025-09-02T20:27:20.244Z",
    "updatedAt": "2025-09-02T20:27:20.244Z"
  },
  {
    "id": "1756844928580",
    "nome": "Vestido Florido",
    "preco": 79.99,
    "descricao": "Quintess - Vestido Folhagem Bege em Malha Fria",
    "categoria": "Roupas",
    "imagem": "https://static.ecosweb.com.br/public/produtos/moda-feminina/vestido-longo/vestido-folhagem-bege-em-malha-fria_368615_600_1.webp",
    "createdAt": "2025-09-02T20:28:48.580Z",
    "updatedAt": "2025-09-02T20:28:48.580Z"
  },
  {
    "id": "1756845025573",
    "nome": "O Deus que destrói sonhos",
    "preco": 31.29,
    "descricao": "O Deus Que Destrói Sonhos",
    "categoria": "Livros",
    "imagem": "https://images.tcdn.com.br/img/img_prod/1170935/o_deus_que_destroi_sonhos_71835_2_f268e3ae4868547bcc6cfbbb8de298a5.jpeg",
    "createdAt": "2025-09-02T20:30:25.573Z",
    "updatedAt": "2025-09-02T20:30:25.573Z"
  },
  {
    "id": "1756845091581",
    "nome": "Bola de Futebol",
    "preco": 69.99,
    "descricao": "Bola Futebol Campo Oficial Penalty Profissional S11 R2 XXIII - Bola de Futebol",
    "categoria": "Esportes",
    "imagem": "https://a-static.mlcdn.com.br/800x560/bola-futebol-campo-oficial-penalty-profissional-s11-r2-xxiii/acribludecor/a6a800f0c97a11eda0924201ac185033/67570c2005fe7ea24e76fbae774b827f.jpeg",
    "createdAt": "2025-09-02T20:31:31.581Z",
    "updatedAt": "2025-09-02T20:31:31.581Z"
  },
  {
    "id": "1756845180389",
    "nome": "Colchão",
    "preco": 689.99,
    "descricao": "Colchão Casal Molas DualZone Ergo 138x188x34",
    "categoria": "Casa",
    "imagem": "https://reconflex.vteximg.com.br/arquivos/ids/157666-1000-655/ERGO-colchao-138-RECONFLEX.png?v=638374925587130000",
    "createdAt": "2025-09-02T20:33:00.389Z",
    "updatedAt": "2025-09-02T20:33:00.389Z"
  },
  {
    "id": "1756845248302",
    "nome": "Trilogia - O verão que mudou minha vida",
    "preco": 141,
    "descricao": "Conheça a trilogia Verão, de Jenny Han, republicada pela Intrínseca",
    "categoria": "Livros",
    "imagem": "https://a-static.mlcdn.com.br/800x560/kit-trilogia-do-verao-serie-completa-jenny-han/institutobeneficenteboanova/84689/559bb00ffd117eabb321f2cc628fcc8a.jpeg",
    "createdAt": "2025-09-02T20:34:08.302Z",
    "updatedAt": "2025-09-02T20:34:08.302Z"
  },
  {
    "id": "1756845296532",
    "nome": "Conjunto Infantil",
    "preco": 49.9,
    "descricao": "Conjunto Bebê Feminino Verão - Roupa Infantil Marca Bela Fase",
    "categoria": "Roupas",
    "imagem": "https://a-static.mlcdn.com.br/1500x1500/conjunto-bebe-feminino-verao-roupa-infantil-marca-bela-fase-cor-azul-vermelho/trenzinhoroupainfantil2/14678099821/f107393ed56e1ac357a049ed2040fd20.jpeg",
    "createdAt": "2025-09-02T20:34:56.532Z",
    "updatedAt": "2025-09-02T20:34:56.532Z"
  }
]